game_pk,date,team_side,team_name,player_id,player_name,jersey_number,batting_order,order_slot,sub_sequence,is_starter,position_code,position_abbreviation,position_name
867729,2026-10-03,away,Salt River Rafters,814414,Kyle DeBarge,8,100,1,00,True,4,2B,Second Base
867729,2026-10-03,away,Salt River Rafters,828076,Dax Kilby,11,200,2,00,True,6,SS,Shortstop
867729,2026-10-03,away,Salt River Rafters,695494,Kevin Bazzell,14,300,3,00,True,2,C,Catcher
867729,2026-10-03,away,Salt River Rafters,692110,Core Jackson,12,400,4,00,True,5,3B,Third Base
867729,2026-10-03,away,Salt River Rafters,807957,Yassel Soler,5,500,5,00,True,10,DH,Designated Hitter
867729,2026-10-03,away,Salt River Rafters,823918,Kyle West,24,600,6,00,True,3,1B,First Base
867729,2026-10-03,away,Salt River Rafters,703160,Yasser Mercedes,23,700,7,00,True,7,LF,Outfielder
867729,2026-10-03,away,Salt River Rafters,695493,Teo Banks,20,800,8,00,True,9,RF,Outfielder
867729,2026-10-03,away,Salt River Rafters,703449,Nathan Hall,29,900,9,00,True,8,CF,Outfielder
867729,2026-10-03,home,Glendale Desert Dogs,804560,Charles Davalan,6,100,1,00,True,4,2B,Second Base
867729,2026-10-03,home,Glendale Desert Dogs,815352,Caleb Bonemer,27,200,2,00,True,8,CF,Outfielder
867729,2026-10-03,home,Glendale Desert Dogs,808234,Eduardo Quintero,16,300,3,00,True,9,RF,Outfielder
867729,2026-10-03,home,Glendale Desert Dogs,827665,Dillon Lewis,22,400,4,00,True,7,LF,Outfielder
867729,2026-10-03,home,Glendale Desert Dogs,815792,Chase Harlan,11,500,5,00,True,10,DH,Designated Hitter
867729,2026-10-03,home,Glendale Desert Dogs,701333,Colby Shelton,12,600,6,00,True,3,1B,First Base
867729,2026-10-03,home,Glendale Desert Dogs,815608,Wyatt Sanford,3,700,7,00,True,6,SS,Shortstop
867729,2026-10-03,home,Glendale Desert Dogs,703177,Jhonny Severino,25,800,8,00,True,5,3B,Third Base
867729,2026-10-03,home,Glendale Desert Dogs,695484,Anson Aroz,77,900,9,00,True,2,C,Catcher
867732,2026-10-03,away,Surprise Saguaros,805799,Zion Rose,8,100,1,00,True,7,LF,Outfielder
867732,2026-10-03,away,Surprise Saguaros,806988,Welbyn Francisca,24,200,2,00,True,6,SS,Shortstop
867732,2026-10-03,away,Surprise Saguaros,805795,Aidan Miller,4,300,3,00,True,5,3B,Third Base
867732,2026-10-03,away,Surprise Saguaros,695573,Cole Mathis,10,400,4,00,True,3,1B,First Base
867732,2026-10-03,away,Surprise Saguaros,807276,Dante Nori,5,500,5,00,True,8,CF,Outfielder
867732,2026-10-03,away,Surprise Saguaros,800051,Austin Charles,1,600,6,00,True,10,DH,Designated Hitter
867732,2026-10-03,away,Surprise Saguaros,828202,Bruin Agbayani,25,700,7,00,True,4,2B,Second Base
867732,2026-10-03,away,Surprise Saguaros,800607,Kehden Hettiger,17,800,8,00,True,2,C,Catcher
867732,2026-10-03,away,Surprise Saguaros,702265,Paxton Kling,21,900,9,00,True,9,RF,Outfielder
867732,2026-10-03,home,Scottsdale Scorpions,800614,Bryce Rainer,9,100,1,00,True,6,SS,Shortstop
867732,2026-10-03,home,Scottsdale Scorpions,807083,Nathan Flewelling,27,200,2,00,True,2,C,Catcher
867732,2026-10-03,home,Scottsdale Scorpions,702607,Dakota Jordan,12,300,3,00,True,8,CF,Outfielder
867732,2026-10-03,home,Scottsdale Scorpions,814307,Zyhir Hope,7,400,4,00,True,9,RF,Outfielder
867732,2026-10-03,home,Scottsdale Scorpions,806441,Nehomar Ochoa Jr.,53,500,5,00,True,10,DH,Designated Hitter
867732,2026-10-03,home,Scottsdale Scorpions,815520,Braylon Payne,40,600,6,00,True,7,LF,Outfielder
867732,2026-10-03,home,Scottsdale Scorpions,800724,Eric Bitonti,25,700,7,00,True,3,1B,First Base
867732,2026-10-03,home,Scottsdale Scorpions,800294,Waner Luciano,2,800,8,00,True,5,3B,Third Base
867732,2026-10-03,home,Scottsdale Scorpions,809763,Kaeden Kent,5,900,9,00,True,4,2B,Second Base
