game_pk,date,venue,inning,half_inning,pitcher_id,pitcher_name,batter_id,batter_name,pitch_number,pitch_type_code,pitch_type_desc,call,start_speed,end_speed,extension,release_x,release_y,release_z,spin_rate,spin_direction,break_angle,break_length,break_vertical,break_vertical_induced,break_horizontal,zone,plate_time,type_confidence,plate_x,plate_z,launch_speed,launch_angle,total_distance,trajectory,hardness,hit_location
867729,2026-10-03,Camelback Ranch,1,top,828987,Briggs McKenzie,814414,Kyle DeBarge,1,SI,Sinker,"In play, out(s)",94.0,86.9,6.38907771227822,2.418742948316316,50.00674889944894,5.8575870113478725,2385,133,26.4,,-16.9,13.7,-11.3,11,0.398584720457833,,-0.3400336065364817,3.3487035199494715,67.9,-40.0,4.0,ground_ball,medium,5
867729,2026-10-03,Camelback Ranch,1,top,828987,Briggs McKenzie,828076,Dax Kilby,1,CH,Changeup,Called Strike,93.0,86.1,6.314809410252076,2.4887467949620934,50.002640686937376,5.678243922044033,2296,125,16.8,,-28.4,3.0,-17.4,5,0.4034262454308326,,-0.06186193904045128,2.503317167633812,,,,,,
867729,2026-10-03,Camelback Ranch,1,top,828987,Briggs McKenzie,828076,Dax Kilby,2,SL,Slider,Ball,82.6,75.8,6.110140899470383,2.936940750929598,50.000908988604486,5.76400174929828,2881,285,34.8,,-45.2,-5.2,9.4,12,0.4559723892888554,,1.2403833680616647,2.9393873528355248,,,,,,
867729,2026-10-03,Camelback Ranch,1,top,828987,Briggs McKenzie,828076,Dax Kilby,3,SL,Slider,Ball,81.2,74.8,6.246345952495105,3.2057182281494896,50.003102870033075,5.7257226773915235,2813,302,33.6,,-46.3,-4.9,15.4,12,0.4629435861391,,2.032262574000146,3.094387716247396,,,,,,
867729,2026-10-03,Camelback Ranch,1,top,828987,Briggs McKenzie,828076,Dax Kilby,4,SI,Sinker,Called Strike,93.0,85.6,6.381163782313383,2.4123209650361455,50.004591519979755,5.866524244382357,2260,135,19.2,,-30.1,1.3,-13.7,2,0.40419763295875155,,-0.03956552486715771,3.197843520590979,,,,,,
867729,2026-10-03,Camelback Ranch,1,top,828987,Briggs McKenzie,828076,Dax Kilby,5,SL,Slider,Ball,81.7,75.0,,2.499970817787241,50.002740522705494,5.563473193160369,2808,297,70.8,,-44.3,-2.9,16.4,13,0.46247673428696734,,-1.23030700047058,2.106199599860805,,,,,,
867729,2026-10-03,Camelback Ranch,1,top,828987,Briggs McKenzie,828076,Dax Kilby,6,SI,Sinker,Foul,93.3,85.6,,2.485995679478632,50.00231475035875,5.752106094509142,2227,129,24.0,,-29.2,2.3,-13.2,2,0.40378402030320926,,-0.2446566371328319,2.8979651059623786,,,,,,
867729,2026-10-03,Camelback Ranch,1,top,828987,Briggs McKenzie,828076,Dax Kilby,7,FF,Four-Seam Fastball,Swinging Strike,93.3,86.6,,2.3547759129018817,50.002820250006444,5.824760014279609,2226,128,31.2,,-20.9,10.1,-6.1,1,0.4011259763120618,,-0.3483773220821836,3.165019637355988,,,,,,
867729,2026-10-03,Camelback Ranch,1,top,828987,Briggs McKenzie,695494,Kevin Bazzell,1,SL,Slider,Called Strike,82.5,76.5,,2.5901376549700728,50.00470931275029,5.669192417374784,2686,306,30.0,,-45.7,-5.8,6.5,14,0.455109764034507,,1.0022896089602806,1.8048243729200062,,,,,,
