pitcher_id,pitcher_name,season,team,opponent,date,is_home,is_win,game_pk,game_type,airOuts,atBats,avg,balks,baseOnBalls,battersFaced,blownSaves,catchersInterference,caughtStealing,caughtStealingPercentage,completeGames,doubles,earnedRuns,era,flyOuts,gamesFinished,gamesPitched,gamesPlayed,gamesStarted,groundIntoDoublePlay,groundOuts,groundOutsToAirouts,hitBatsmen,hitByPitch,hits,hitsPer9Inn,holds,homeRuns,homeRunsPer9,inheritedRunners,inheritedRunnersScored,inningsPitched,intentionalWalks,losses,numberOfPitches,obp,ops,outs,pickoffs,pitchesPerInning,runs,runsScoredPer9,sacBunts,sacFlies,saveOpportunities,saves,shutouts,slg,stolenBasePercentage,stolenBases,strikeOuts,strikePercentage,strikeoutWalkRatio,strikeoutsPer9Inn,strikes,summary,totalBases,triples,walksPer9Inn,whip,wildPitches,winPercentage,wins
703186,Jarlin Susana,2026,Salt River Rafters,Glendale Desert Dogs,2026-10-03,False,True,867729,R,1,11,.091,0,2,13,0,0,0,.---,0,0,0,0.00,1,0,1,1,1,0,5,5.00,0,0,1,2.70,0,0,0.00,0,0,3.1,0,0,55,.231,.322,10,0,16.50,0,0.00,0,0,0,0,0,.091,.---,0,4,.600,2.00,10.80,33,"3.1 IP, 0 ER, 4 K, 2 BB",1,0,5.40,0.90,0,1.000,1
828987,Briggs McKenzie,2026,Glendale Desert Dogs,Salt River Rafters,2026-10-03,True,False,867729,R,2,9,.222,0,2,12,0,0,0,.---,0,0,1,3.86,1,0,1,1,1,0,2,1.00,1,1,2,7.71,0,0,0.00,0,0,2.1,0,1,49,.417,.639,7,0,21.00,1,3.86,0,0,0,0,0,.222,.---,0,3,.630,1.50,11.57,31,"2.1 IP, ER, 3 K, 2 BB",2,0,7.71,1.71,0,.000,0
807290,Peyton Prescott,2026,Surprise Saguaros,Scottsdale Scorpions,2026-10-03,False,True,867732,R,3,7,.286,0,2,9,0,0,0,.---,0,0,0,0.00,2,0,1,1,1,0,1,0.33,0,0,2,10.80,0,0,0.00,0,0,1.2,0,0,37,.444,.730,5,0,22.20,0,0.00,0,0,0,0,0,.286,.---,0,1,.540,0.50,5.40,20,"1.2 IP, 0 ER, K, 2 BB",2,0,10.80,2.40,0,1.000,1
687189,Marcus Johnson,2026,Scottsdale Scorpions,Surprise Saguaros,2026-10-03,True,False,867732,R,4,18,.444,0,1,19,0,0,0,.000,0,2,5,13.50,2,0,1,1,1,0,4,1.00,0,0,8,21.60,0,1,2.70,0,0,3.1,0,1,59,.474,1.418,10,0,17.70,5,13.50,0,0,0,0,0,.944,1.000,1,2,.610,2.00,5.40,36,"3.1 IP, 5 ER, 2 K, BB",17,2,2.70,2.70,0,.000,0
702111,Adam Smith,2026,Peoria Javelinas,Mesa Solar Sox,2026-10-03,True,True,867731,R,2,3,.000,0,0,3,0,0,0,.---,0,0,0,0.00,1,1,1,1,0,0,1,0.50,0,0,0,0.00,0,0,0.00,0,0,1.0,0,0,9,.000,.000,3,0,9.00,0,0.00,0,0,0,0,0,.000,.---,0,0,.670,-.--,0.00,6,"1.0 IP, 0 ER, 0 K, 0 BB",0,0,0.00,0.00,0,1.000,1
695402,Najer Victor,2026,Mesa Solar Sox,Peoria Javelinas,2026-10-03,False,False,867731,R,0,3,.667,0,1,4,1,0,0,.---,0,1,2,54.00,0,1,1,1,0,0,0,-.--,0,0,2,54.00,0,0,0.00,0,0,0.1,0,1,21,.750,1.750,1,0,63.00,2,54.00,0,0,1,0,0,1.000,.---,0,1,.520,1.00,27.00,11,"0.1 IP, 2 ER, K, BB",3,0,27.00,9.00,1,.000,0
702904,Cesar De Jesus,2026,Scottsdale Scorpions,Glendale Desert Dogs,2026-10-04,False,True,867730,R,2,6,.000,0,2,8,0,0,0,.---,0,0,0,0.00,0,0,1,1,0,0,4,2.00,0,0,0,0.00,0,0,0.00,0,0,1.1,0,0,41,.250,.250,4,0,30.75,0,0.00,0,0,0,0,0,.000,.---,0,0,.610,0.00,0.00,25,"1.1 IP, 0 ER, 0 K, 2 BB",0,0,13.50,1.50,0,1.000,1
807187,Mathias LaCombe,2026,Glendale Desert Dogs,Scottsdale Scorpions,2026-10-04,True,False,867730,R,1,6,.500,0,2,8,0,0,0,.---,0,0,2,18.00,1,0,1,1,0,0,1,1.00,0,0,3,27.00,0,1,9.00,3,0,1.0,0,1,34,.625,1.625,3,0,34.00,2,18.00,0,0,0,0,0,1.000,.---,0,1,.530,0.50,9.00,18,"1.0 IP, 2 ER, K, 2 BB",6,0,18.00,5.00,0,.000,0
703142,Andy Rodriguez,2026,Scottsdale Scorpions,Glendale Desert Dogs,2026-10-04,False,True,867730,R,0,6,.000,0,1,7,0,0,0,.---,0,0,0,0.00,0,1,1,1,0,0,4,4.00,0,0,0,0.00,0,0,0.00,0,0,2.0,0,0,23,.143,.143,6,0,11.50,0,0.00,0,0,1,1,0,.000,.---,0,2,.700,2.00,9.00,16,"2.0 IP, 0 ER, 2 K, BB",0,0,4.50,0.50,0,.---,0
835375,Jacob Johnson,2026,Surprise Saguaros,Salt River Rafters,2026-10-04,True,True,867728,R,2,7,.143,0,0,7,0,0,0,.000,0,0,0,0.00,0,0,1,1,1,0,2,1.00,0,0,1,4.50,0,0,0.00,0,0,2.0,0,0,31,.143,.286,6,0,15.50,0,0.00,0,0,0,0,0,.143,1.000,1,2,.650,-.--,9.00,20,"2.0 IP, 0 ER, 2 K, 0 BB",1,0,0.00,0.50,0,1.000,1
807743,Sean Sullivan,2026,Salt River Rafters,Surprise Saguaros,2026-10-04,False,False,867728,R,3,14,.500,0,0,16,0,0,0,.---,0,2,3,10.13,2,0,1,1,1,0,1,0.33,1,1,7,23.63,0,0,0.00,0,0,2.2,0,1,51,.500,1.143,8,0,19.13,3,10.13,0,1,0,0,0,.643,.---,0,4,.710,-.--,13.50,36,"2.2 IP, 3 ER, 4 K, 0 BB",9,0,0.00,2.63,0,.000,0
693732,Estibenzon Jimenez,2026,Surprise Saguaros,Salt River Rafters,2026-10-04,True,True,867728,R,0,3,.000,0,0,3,0,0,0,.---,0,0,0,0.00,0,1,1,1,0,0,1,1.00,0,0,0,0.00,0,0,0.00,0,0,1.0,0,0,10,.000,.000,3,0,10.00,0,0.00,0,0,1,1,0,.000,.---,0,2,.700,-.--,18.00,7,"1.0 IP, 0 ER, 2 K, 0 BB",0,0,0.00,0.00,0,.---,0
807625,Gilberto Batista,2026,Mesa Solar Sox,Peoria Javelinas,2026-10-04,True,True,867716,R,1,5,.200,0,0,5,0,0,0,.---,0,0,0,0.00,1,1,1,1,0,0,1,1.00,0,0,1,6.75,0,0,0.00,3,1,1.1,0,0,23,.200,.400,4,0,17.25,0,0.00,0,0,0,0,0,.200,.---,0,2,.650,-.--,13.50,15,"1.1 IP, 0 ER, 2 K, 0 BB",1,0,0.00,0.75,1,1.000,1
800017,Jose Montero,2026,Peoria Javelinas,Mesa Solar Sox,2026-10-04,False,False,867716,R,2,7,.571,0,0,7,1,0,0,.---,0,0,2,18.00,1,1,1,1,0,0,1,0.50,0,0,4,36.00,0,1,9.00,0,0,1.0,0,1,15,.571,1.571,3,0,15.00,2,18.00,0,0,1,0,0,1.000,.---,0,0,.800,-.--,0.00,12,"1.0 IP, 2 ER, 0 K, 0 BB",7,0,0.00,4.00,0,.000,0
688867,Braxton Bragg,2026,Peoria Javelinas,Mesa Solar Sox,2026-10-04,False,False,867716,R,1,11,.273,0,0,11,0,0,0,.---,0,0,0,0.00,1,0,1,1,1,2,5,5.00,0,0,3,9.00,0,0,0.00,0,0,3.0,0,0,38,.273,.546,9,0,12.67,0,0.00,0,0,0,0,0,.273,.---,0,2,.680,-.--,6.00,26,"3.0 IP, 0 ER, 2 K, 0 BB",3,0,0.00,1.00,0,.---,0
681064,Calvin Schapira,2026,Peoria Javelinas,Mesa Solar Sox,2026-10-03,True,True,867731,R,2,4,.250,0,1,5,0,0,0,.---,0,0,0,0.00,0,0,1,1,0,0,0,0.00,0,0,1,9.00,0,0,0.00,0,0,1.0,0,0,27,.400,.650,3,0,27.00,0,0.00,0,0,0,0,0,.250,.---,0,1,.630,1.00,9.00,17,"1.0 IP, 0 ER, K, BB",1,0,9.00,2.00,1,.---,0
800212,Francis Peña,2026,Peoria Javelinas,Mesa Solar Sox,2026-10-04,False,False,867716,R,2,3,.000,0,1,4,0,0,0,.---,0,0,0,0.00,1,0,1,1,0,0,0,0.00,0,0,0,0.00,1,0,0.00,0,0,1.0,0,0,19,.250,.250,3,0,19.00,0,0.00,0,0,0,0,0,.000,.---,0,1,.580,1.00,9.00,11,"1.0 IP, 0 ER, K, BB",0,0,9.00,1.00,0,.---,0
702751,Jose Geraldo,2026,Peoria Javelinas,Mesa Solar Sox,2026-10-04,False,False,867716,R,0,2,.500,0,3,5,1,0,0,.000,0,0,2,54.00,0,0,1,1,0,0,0,-.--,0,0,1,27.00,0,1,27.00,0,0,0.1,0,0,26,.800,2.800,1,0,78.00,2,54.00,0,0,1,0,0,2.000,1.000,1,1,.350,0.33,27.00,9,"0.1 IP, 2 ER, K, 3 BB",4,0,81.00,12.00,0,.---,0
834596,Kailen Hamson,2026,Peoria Javelinas,Mesa Solar Sox,2026-10-04,False,False,867716,R,2,4,.250,0,2,6,0,0,0,.---,0,0,0,0.00,0,0,1,1,0,0,1,0.50,0,0,1,9.00,1,0,0.00,0,0,1.0,0,0,20,.500,.750,3,0,20.00,0,0.00,0,0,0,0,0,.250,.---,0,0,.350,0.00,0.00,7,"1.0 IP, 0 ER, 0 K, 2 BB",1,0,18.00,3.00,1,.---,0
807748,Kannon Kemp,2026,Peoria Javelinas,Mesa Solar Sox,2026-10-03,True,True,867731,R,0,9,.444,0,1,10,0,0,0,.---,0,0,1,5.40,0,0,1,1,1,0,2,2.00,0,0,4,21.60,0,0,0.00,0,0,1.2,0,0,49,.500,.944,5,0,29.40,1,5.40,0,0,0,0,0,.444,.---,0,3,.610,3.00,16.20,30,"1.2 IP, ER, 3 K, BB",4,0,5.40,3.00,1,.---,0
811296,Kiefer Lord,2026,Peoria Javelinas,Mesa Solar Sox,2026-10-03,True,True,867731,R,1,8,.375,0,0,8,0,0,0,.000,0,0,0,0.00,1,0,1,1,0,0,0,0.00,0,0,3,13.50,0,0,0.00,3,2,2.0,0,0,30,.375,.750,6,0,15.00,0,0.00,0,0,0,0,0,.375,1.000,1,4,.670,-.--,18.00,20,"2.0 IP, 0 ER, 4 K, 0 BB",3,0,0.00,1.50,0,.---,0
828594,Michael Watson,2026,Peoria Javelinas,Mesa Solar Sox,2026-10-03,True,True,867731,R,1,4,.000,0,0,4,0,0,0,.---,0,0,0,0.00,0,0,1,1,0,0,1,1.00,0,0,0,0.00,0,0,0.00,0,0,1.0,0,0,12,.000,.000,3,0,12.00,0,0.00,0,0,0,0,0,.000,.---,0,2,.750,-.--,18.00,9,"1.0 IP, 0 ER, 2 K, 0 BB",0,0,0.00,0.00,0,.---,0
822463,Nolan Sparks,2026,Peoria Javelinas,Mesa Solar Sox,2026-10-04,False,False,867716,R,3,5,.000,0,2,7,0,0,0,.---,0,0,0,0.00,2,0,1,1,0,0,0,0.00,0,0,0,0.00,0,0,0.00,2,0,1.2,0,0,35,.286,.286,5,0,21.00,0,0.00,0,0,0,0,0,.000,.---,0,2,.510,1.00,10.80,18,"1.2 IP, 0 ER, 2 K, 2 BB",0,0,10.80,1.20,0,.---,0
822498,Reid Easterly,2026,Peoria Javelinas,Mesa Solar Sox,2026-10-03,True,True,867731,R,0,4,.750,0,2,7,0,0,0,.---,0,0,5,135.00,0,0,1,1,0,0,0,-.--,1,1,3,81.00,0,0,0.00,2,0,0.1,0,0,32,.857,1.607,1,0,96.00,5,135.00,0,0,0,0,0,.750,.---,0,1,.470,0.50,27.00,15,"0.1 IP, 5 ER, K, 2 BB",3,0,54.00,15.00,0,.---,0
828718,Victor Diaz,2026,Peoria Javelinas,Mesa Solar Sox,2026-10-03,True,True,867731,R,1,6,.167,0,2,8,0,0,0,.---,0,0,0,0.00,0,0,1,1,0,1,2,2.00,0,0,1,4.50,0,0,0.00,0,0,2.0,0,0,40,.375,.542,6,0,20.00,0,0.00,0,0,0,0,0,.167,.---,0,2,.580,1.00,9.00,23,"2.0 IP, 0 ER, 2 K, 2 BB",1,0,9.00,1.50,0,.---,0
694207,Brayan Mendoza,2026,Glendale Desert Dogs,Salt River Rafters,2026-10-03,True,False,867729,R,1,2,.000,0,0,2,0,0,0,.---,0,0,0,0.00,0,1,1,1,0,0,0,0.00,0,0,0,0.00,0,0,0.00,1,0,0.2,0,0,9,.000,.000,2,0,13.50,0,0.00,0,0,0,0,0,.000,.---,0,1,.440,-.--,13.50,4,"0.2 IP, 0 ER, K, 0 BB",0,0,0.00,0.00,1,.---,0
701808,Cody Morse,2026,Glendale Desert Dogs,Salt River Rafters,2026-10-03,True,False,867729,R,1,1,.000,0,0,1,0,0,0,.---,0,0,0,0.00,0,0,1,1,0,0,0,0.00,0,0,0,0.00,0,0,0.00,3,0,0.1,0,0,2,.000,.000,1,0,6.00,0,0.00,0,0,0,0,0,.000,.---,0,0,.500,-.--,0.00,1,"0.1 IP, 0 ER, 0 K, 0 BB",0,0,0.00,0.00,0,.---,0
695057,Garrett Wright,2026,Glendale Desert Dogs,Scottsdale Scorpions,2026-10-04,True,False,867730,R,0,5,.200,0,1,6,0,0,0,.000,0,0,0,0.00,0,0,1,1,0,0,1,1.00,0,0,1,6.75,0,0,0.00,3,0,1.1,0,0,27,.333,.533,4,0,20.25,0,0.00,0,0,0,0,0,.200,1.000,2,3,.590,3.00,20.25,16,"1.1 IP, 0 ER, 3 K, BB",1,0,6.75,1.50,0,.---,0
702165,Jonathan Clark,2026,Glendale Desert Dogs,Scottsdale Scorpions,2026-10-04,True,False,867730,R,2,8,.125,0,1,9,0,0,0,.---,0,0,1,4.50,1,1,1,1,0,0,2,1.00,0,0,1,4.50,0,0,0.00,0,0,2.0,0,0,29,.222,.347,6,0,14.50,1,4.50,0,0,0,0,0,.125,.---,0,3,.660,3.00,13.50,19,"2.0 IP, ER, 3 K, BB",1,0,4.50,1.00,2,.---,0
808469,Logan Samuels,2026,Glendale Desert Dogs,Salt River Rafters,2026-10-03,True,False,867729,R,2,6,.500,0,1,7,0,0,1,.500,0,0,0,0.00,1,0,1,1,0,0,0,0.00,0,0,3,20.25,0,0,0.00,1,0,1.1,0,0,31,.571,1.071,4,0,23.25,1,6.75,0,0,0,0,0,.500,.500,1,1,.610,1.00,6.75,19,"1.1 IP, 0 ER, K, BB",3,0,6.75,3.00,0,.---,0
803183,Luke Fox,2026,Glendale Desert Dogs,Scottsdale Scorpions,2026-10-04,True,False,867730,R,1,3,.000,0,0,3,0,0,0,.---,0,0,0,0.00,1,0,1,1,1,0,0,0.00,0,0,0,0.00,0,0,0.00,0,0,1.0,0,0,14,.000,.000,3,0,14.00,0,0.00,0,0,0,0,0,.000,.---,0,2,.640,-.--,18.00,9,"1.0 IP, 0 ER, 2 K, 0 BB",0,0,0.00,0.00,0,.---,0
812363,Marlon Nieves,2026,Glendale Desert Dogs,Scottsdale Scorpions,2026-10-04,True,False,867730,R,1,8,.375,0,1,9,0,0,0,.---,0,1,1,4.50,1,0,1,1,0,0,2,2.00,0,0,3,13.50,0,0,0.00,0,0,2.0,0,0,29,.444,1.194,6,1,14.50,1,4.50,0,0,0,0,0,.750,.---,0,2,.690,2.00,9.00,20,"2.0 IP, ER, 2 K, BB",6,1,4.50,2.00,0,.---,0
805892,Nick Altermatt,2026,Glendale Desert Dogs,Scottsdale Scorpions,2026-10-04,True,False,867730,R,0,3,.000,0,2,5,0,0,0,.---,0,0,0,0.00,0,0,1,1,0,0,2,2.00,0,0,0,0.00,1,0,0.00,0,0,1.0,0,0,26,.400,.400,3,0,26.00,0,0.00,0,0,0,0,0,.000,.---,0,1,.500,0.50,9.00,13,"1.0 IP, 0 ER, K, 2 BB",0,0,18.00,2.00,0,.---,0
813706,Owen Hackman,2026,Glendale Desert Dogs,Salt River Rafters,2026-10-03,True,False,867729,R,1,5,.200,0,1,7,0,0,0,.---,0,0,0,0.00,1,0,1,1,0,0,4,4.00,0,0,1,5.40,0,0,0.00,2,1,1.2,0,0,21,.286,.486,5,0,12.60,0,0.00,0,1,0,0,0,.200,.---,0,0,.710,0.00,0.00,15,"1.2 IP, 0 ER, 0 K, BB",1,0,5.40,1.20,0,.---,0
703670,Pierce George,2026,Glendale Desert Dogs,Scottsdale Scorpions,2026-10-04,True,False,867730,R,0,2,.000,0,3,6,1,0,0,.---,0,0,1,13.50,0,0,1,1,0,0,1,1.00,1,1,0,0.00,0,0,0.00,0,0,0.2,0,0,24,.667,.667,2,0,36.00,1,13.50,0,0,1,0,0,.000,.---,0,1,.330,0.33,13.50,8,"0.2 IP, ER, K, 3 BB",0,0,40.50,4.50,1,.---,0
802413,Sam Horn,2026,Glendale Desert Dogs,Salt River Rafters,2026-10-03,True,False,867729,R,1,5,.400,0,1,6,0,0,0,.---,0,0,1,9.00,1,0,1,1,0,0,1,1.00,0,0,2,18.00,0,0,0.00,0,0,1.0,0,0,18,.500,.900,3,0,18.00,1,9.00,0,0,0,0,0,.400,.---,0,1,.560,1.00,9.00,10,"1.0 IP, ER, K, BB",2,0,9.00,3.00,0,.---,0
703748,Tanner Bauman,2026,Glendale Desert Dogs,Salt River Rafters,2026-10-03,True,False,867729,R,2,2,.500,0,3,7,0,0,0,.000,0,0,3,81.00,1,0,1,1,0,0,1,0.50,0,0,1,27.00,0,0,0.00,0,0,0.1,0,0,27,.571,1.071,1,0,81.00,5,135.00,0,2,0,0,0,.500,1.000,3,0,.440,0.00,0.00,12,"0.1 IP, 3 ER, 0 K, 3 BB",1,0,81.00,12.00,0,.---,0
679489,Tyler LaPorte,2026,Glendale Desert Dogs,Salt River Rafters,2026-10-03,True,False,867729,R,0,6,.333,0,1,7,0,0,0,.---,0,1,0,0.00,0,0,1,1,0,0,1,1.00,0,0,2,13.50,0,0,0.00,0,0,1.1,0,0,36,.429,.929,4,0,27.00,1,6.75,0,0,0,0,0,.500,.---,0,3,.530,3.00,20.25,19,"1.1 IP, 0 ER, 3 K, BB",3,0,6.75,2.25,0,.---,0
823330,Alejandro Chiquillo,2026,Surprise Saguaros,Salt River Rafters,2026-10-04,True,True,867728,R,1,9,.000,0,0,9,0,0,0,.---,0,0,0,0.00,1,0,1,1,0,0,4,4.00,0,0,0,0.00,1,0,0.00,0,0,3.0,0,0,31,.000,.000,9,0,10.33,0,0.00,0,0,0,0,0,.000,.---,0,4,.650,-.--,12.00,20,"3.0 IP, 0 ER, 4 K, 0 BB",0,0,0.00,0.00,0,.---,0
694858,Brendan Girton,2026,Surprise Saguaros,Scottsdale Scorpions,2026-10-03,False,True,867732,R,1,2,.500,0,1,3,0,0,0,.---,0,0,0,0.00,1,0,1,1,0,0,0,0.00,0,0,1,27.00,1,0,0.00,0,0,0.1,0,0,12,.667,1.167,1,0,36.00,0,0.00,0,0,0,0,0,.500,.---,0,0,.580,0.00,0.00,7,"0.1 IP, 0 ER, 0 K, BB",1,0,27.00,6.00,0,.---,0
683349,Calvin Ziegler,2026,Surprise Saguaros,Salt River Rafters,2026-10-04,True,True,867728,R,0,3,.000,0,0,3,0,0,0,.---,0,0,0,0.00,0,0,1,1,0,1,3,3.00,0,0,0,0.00,0,0,0.00,0,0,1.0,0,0,8,.000,.000,3,0,8.00,0,0.00,0,0,0,0,0,.000,.---,0,0,.630,-.--,0.00,5,"1.0 IP, 0 ER, 0 K, 0 BB",0,0,0.00,0.00,0,.---,0
806522,Irving Cota,2026,Surprise Saguaros,Scottsdale Scorpions,2026-10-03,False,True,867732,R,4,9,.111,0,2,12,0,0,0,.000,0,1,2,6.75,3,0,1,1,0,0,4,1.00,0,0,1,3.38,0,0,0.00,0,0,2.2,0,0,43,.250,.472,8,0,16.13,3,10.13,0,1,0,0,0,.222,1.000,1,1,.630,0.50,3.38,27,"2.2 IP, 2 ER, K, 2 BB",2,0,6.75,1.13,0,.---,0
695037,J'Briell Easley,2026,Surprise Saguaros,Salt River Rafters,2026-10-04,True,True,867728,R,0,5,.400,0,2,7,0,0,0,.000,0,0,2,18.00,0,0,1,1,0,0,3,3.00,0,0,2,18.00,0,0,0.00,0,0,1.0,0,0,23,.571,.971,3,0,23.00,2,18.00,0,0,0,0,0,.400,1.000,2,0,.480,0.00,0.00,11,"1.0 IP, 2 ER, 0 K, 2 BB",2,0,18.00,4.00,0,.---,0
700985,Josh Hansell,2026,Surprise Saguaros,Scottsdale Scorpions,2026-10-03,False,True,867732,R,0,3,.000,0,0,3,0,0,0,.---,0,0,0,0.00,0,0,1,1,0,0,2,2.00,0,0,0,0.00,0,0,0.00,0,0,1.0,0,0,6,.000,.000,3,0,6.00,0,0.00,0,0,0,0,0,.000,.---,0,1,.830,-.--,9.00,5,"1.0 IP, 0 ER, K, 0 BB",0,0,0.00,0.00,0,.---,0
700176,Keegan Batka,2026,Surprise Saguaros,Salt River Rafters,2026-10-04,True,True,867728,R,2,4,.500,0,0,5,0,0,0,.---,0,0,2,18.00,2,0,1,1,0,0,0,0.00,0,0,2,18.00,0,0,0.00,0,0,1.0,0,0,21,.400,1.400,3,0,21.00,2,18.00,0,1,0,0,0,1.000,.---,0,1,.620,-.--,9.00,13,"1.0 IP, 2 ER, K, 0 BB",4,1,0.00,2.00,0,.---,0
815066,Kyle Scott,2026,Surprise Saguaros,Scottsdale Scorpions,2026-10-03,False,True,867732,R,1,4,.250,0,1,5,0,0,0,.---,0,0,0,0.00,1,0,1,1,0,0,0,0.00,0,0,1,9.00,1,0,0.00,0,0,1.0,0,0,21,.400,.650,3,0,21.00,0,0.00,0,0,0,0,0,.250,.---,0,2,.570,2.00,18.00,12,"1.0 IP, 0 ER, 2 K, BB",1,0,9.00,2.00,0,.---,0
701884,Magnus Ellerts,2026,Surprise Saguaros,Scottsdale Scorpions,2026-10-03,False,True,867732,R,0,4,.250,0,0,4,0,0,0,.---,0,0,0,0.00,0,0,1,1,0,1,3,3.00,0,0,1,6.75,1,0,0.00,2,0,1.1,0,0,15,.250,.500,4,0,11.25,0,0.00,0,0,0,0,0,.250,.---,0,0,.600,-.--,0.00,9,"1.1 IP, 0 ER, 0 K, 0 BB",1,0,0.00,0.75,0,.---,0
822038,Ryan Lambert,2026,Surprise Saguaros,Scottsdale Scorpions,2026-10-03,False,True,867732,R,0,3,.000,0,1,4,0,0,0,.---,0,0,0,0.00,0,1,1,1,0,0,1,1.00,0,0,0,0.00,0,0,0.00,0,0,1.0,0,0,18,.250,.250,3,0,18.00,0,0.00,0,0,0,0,0,.000,.---,0,2,.560,2.00,18.00,10,"1.0 IP, 0 ER, 2 K, BB",0,0,9.00,1.00,1,.---,0
815218,Alexander Fuentes,2026,Scottsdale Scorpions,Surprise Saguaros,2026-10-03,True,False,867732,R,0,4,.500,0,2,6,0,0,1,1.000,0,0,1,9.00,0,0,1,1,0,0,2,2.00,0,0,2,18.00,0,0,0.00,0,0,1.0,0,0,25,.667,1.167,3,0,25.00,1,9.00,0,0,0,0,0,.500,.000,0,0,.480,0.00,0.00,12,"1.0 IP, ER, 0 K, 2 BB",2,0,18.00,4.00,0,.---,0
700800,Darien Smith,2026,Scottsdale Scorpions,Surprise Saguaros,2026-10-03,True,False,867732,R,3,7,.143,0,2,9,0,0,0,.---,0,0,1,4.50,2,0,1,1,0,0,1,0.33,0,0,1,4.50,0,0,0.00,1,1,2.0,0,0,37,.333,.476,6,0,18.50,1,4.50,0,0,0,0,0,.143,.---,0,2,.620,1.00,9.00,23,"2.0 IP, ER, 2 K, 2 BB",1,0,9.00,1.50,1,.---,0
807823,Jank Pichardo,2026,Scottsdale Scorpions,Surprise Saguaros,2026-10-03,True,False,867732,R,2,6,.167,0,1,7,0,0,0,.000,0,0,0,0.00,1,0,1,1,0,0,0,0.00,0,0,1,5.40,0,0,0.00,1,1,1.2,0,0,37,.286,.453,5,0,22.20,0,0.00,0,0,0,0,0,.167,1.000,2,3,.510,3.00,16.20,19,"1.2 IP, 0 ER, 3 K, BB",1,0,5.40,1.20,0,.---,0
808350,Joshua Quezada,2026,Scottsdale Scorpions,Surprise Saguaros,2026-10-03,True,False,867732,R,1,5,.600,0,1,6,0,0,0,.000,0,1,2,27.00,1,0,1,1,0,0,0,0.00,0,0,3,40.50,0,0,0.00,0,0,0.2,0,0,35,.667,1.467,2,0,52.50,2,27.00,0,0,0,0,0,.800,1.000,1,1,.570,1.00,13.50,20,"0.2 IP, 2 ER, K, BB",4,0,13.50,6.00,0,.---,0
805783,Mason Nichols,2026,Scottsdale Scorpions,Glendale Desert Dogs,2026-10-04,False,True,867730,R,3,9,.333,0,0,9,0,0,0,.---,0,1,0,0.00,2,0,1,1,0,0,1,0.33,0,0,3,11.57,0,0,0.00,1,1,2.1,0,0,25,.333,.777,7,0,10.71,0,0.00,0,0,0,0,0,.444,.---,0,2,.680,-.--,7.71,17,"2.1 IP, 0 ER, 2 K, 0 BB",4,0,0.00,1.29,0,.---,0
823650,Miqueas Mercedes,2026,Scottsdale Scorpions,Glendale Desert Dogs,2026-10-04,False,True,867730,R,2,6,.500,0,3,10,0,0,1,.500,0,0,2,10.80,1,0,1,1,1,0,0,0.00,1,1,3,16.20,0,0,0.00,0,0,1.2,0,0,44,.700,1.200,5,0,26.40,2,10.80,0,0,0,0,0,.500,.500,1,1,.480,0.33,5.40,21,"1.2 IP, 2 ER, K, 3 BB",3,0,16.20,3.60,0,.---,0
683988,Railin Perez,2026,Scottsdale Scorpions,Surprise Saguaros,2026-10-03,True,False,867732,R,0,1,.000,0,0,1,0,0,0,.---,0,0,0,0.00,0,1,1,1,0,0,0,-.--,0,0,0,0.00,0,0,0.00,2,0,0.1,0,0,7,.000,.000,1,0,21.00,0,0.00,0,0,0,0,0,.000,.---,0,1,.570,-.--,27.00,4,"0.1 IP, 0 ER, K, 0 BB",0,0,0.00,0.00,0,.---,0
804670,Ryan Birchard,2026,Scottsdale Scorpions,Glendale Desert Dogs,2026-10-04,False,True,867730,R,0,4,.000,0,2,6,0,0,0,.---,0,0,0,0.00,0,0,1,1,0,1,2,2.00,0,0,0,0.00,1,0,0.00,2,0,1.2,0,0,29,.333,.333,5,0,17.40,0,0.00,0,0,0,0,0,.000,.---,0,2,.520,1.00,10.80,15,"1.2 IP, 0 ER, 2 K, 2 BB",0,0,10.80,1.20,0,.---,0
806879,Anhuar Garcia,2026,Mesa Solar Sox,Peoria Javelinas,2026-10-03,False,False,867731,R,3,7,.429,0,3,10,0,0,0,.000,0,1,4,21.60,3,0,1,1,0,1,1,0.33,0,0,3,16.20,0,2,10.80,0,0,1.2,0,0,36,.600,2.029,5,0,21.60,4,21.60,0,0,0,0,0,1.429,1.000,1,0,.440,0.00,0.00,16,"1.2 IP, 4 ER, 0 K, 3 BB",10,0,16.20,3.60,0,.---,0
805255,Dominick Reid,2026,Mesa Solar Sox,Peoria Javelinas,2026-10-03,False,False,867731,R,1,12,.083,0,1,13,0,0,1,1.000,0,0,1,2.25,0,0,1,1,1,0,3,3.00,0,0,1,2.25,0,1,2.25,0,0,4.0,0,0,53,.154,.487,12,0,13.25,1,2.25,0,0,0,0,0,.333,.000,0,7,.640,7.00,15.75,34,"4.0 IP, ER, 7 K, BB",4,0,2.25,0.50,0,.---,0
808911,Grant Richardson,2026,Mesa Solar Sox,Peoria Javelinas,2026-10-04,True,True,867716,R,0,7,.286,0,2,9,0,0,1,1.000,0,0,1,4.50,0,0,1,1,1,0,0,-.--,0,0,2,9.00,0,0,0.00,0,0,2.0,0,0,39,.444,.730,6,1,19.50,1,4.50,0,0,0,0,0,.286,.000,0,5,.620,2.50,22.50,24,"2.0 IP, ER, 5 K, 2 BB",2,0,9.00,2.00,1,.---,0
805093,Jhon Cabral,2026,Mesa Solar Sox,Peoria Javelinas,2026-10-04,True,True,867716,R,1,3,.000,0,1,4,0,0,0,.---,0,0,0,0.00,1,0,1,1,0,0,1,1.00,0,0,0,0.00,1,0,0.00,0,0,1.0,0,0,14,.250,.250,3,0,14.00,0,0.00,0,0,0,0,0,.000,.---,0,1,.570,1.00,9.00,8,"1.0 IP, 0 ER, K, BB",0,0,9.00,1.00,0,.---,0
700113,Nicholas Judice,2026,Mesa Solar Sox,Peoria Javelinas,2026-10-03,False,False,867731,R,1,7,.000,0,0,7,0,0,0,.000,0,0,0,0.00,0,0,1,1,0,0,2,2.00,0,0,0,0.00,1,0,0.00,1,0,2.1,0,0,31,.000,.000,7,0,13.29,0,0.00,0,0,0,0,0,.000,1.000,1,4,.710,-.--,15.43,22,"2.1 IP, 0 ER, 4 K, 0 BB",0,0,0.00,0.00,0,.---,0
702494,Sam Tookoian,2026,Mesa Solar Sox,Peoria Javelinas,2026-10-04,True,True,867716,R,0,5,.400,0,0,5,0,0,0,.---,0,0,0,0.00,0,0,1,1,0,0,2,2.00,0,0,2,18.00,0,0,0.00,0,0,1.0,0,0,18,.400,.800,3,0,18.00,0,0.00,0,0,0,0,0,.400,.---,0,1,.670,-.--,9.00,12,"1.0 IP, 0 ER, K, 0 BB",2,0,0.00,2.00,0,.---,0
701512,Tucker Novotny,2026,Mesa Solar Sox,Peoria Javelinas,2026-10-04,True,True,867716,R,1,10,.100,0,0,10,0,0,0,.---,0,1,0,0.00,1,0,1,1,0,0,4,4.00,0,0,1,3.00,0,0,0.00,0,0,3.0,0,0,36,.100,.300,9,0,12.00,0,0.00,0,0,0,0,0,.200,.---,0,4,.690,-.--,12.00,25,"3.0 IP, 0 ER, 4 K, 0 BB",2,0,0.00,0.33,0,.---,0
803248,Yoendris Gonzalez,2026,Mesa Solar Sox,Peoria Javelinas,2026-10-04,True,True,867716,R,0,2,.000,0,3,6,1,0,0,.---,0,0,2,27.00,0,0,1,1,0,0,2,2.00,1,1,0,0.00,0,0,0.00,0,0,0.2,0,0,28,.667,.667,2,0,42.00,2,27.00,0,0,1,0,0,.000,.---,0,0,.390,0.00,0.00,11,"0.2 IP, 2 ER, 0 K, 3 BB",0,0,40.50,4.50,0,.---,0
827768,Anthony Mena,2026,Salt River Rafters,Glendale Desert Dogs,2026-10-03,False,True,867729,R,2,5,.200,0,0,5,0,0,0,.---,0,0,0,0.00,0,0,1,1,0,0,1,0.50,0,0,1,6.75,0,0,0.00,0,0,1.1,0,0,22,.200,.400,4,0,16.50,0,0.00,0,0,0,0,0,.200,.---,0,1,.680,-.--,6.75,15,"1.1 IP, 0 ER, K, 0 BB",1,0,0.00,0.75,0,.---,0
823227,Brian Zeldin,2026,Salt River Rafters,Glendale Desert Dogs,2026-10-03,False,True,867729,R,0,1,.000,0,0,1,0,0,0,.---,0,0,0,0.00,0,0,1,1,0,0,1,1.00,0,0,0,0.00,0,0,0.00,2,0,0.1,0,0,6,.000,.000,1,0,18.00,0,0.00,0,0,0,0,0,.000,.---,0,0,.500,-.--,0.00,3,"0.1 IP, 0 ER, 0 K, 0 BB",0,0,0.00,0.00,0,.---,0
810102,Chris Veach,2026,Salt River Rafters,Surprise Saguaros,2026-10-04,False,False,867728,R,3,8,.375,1,2,10,0,0,1,.333,0,0,2,9.00,0,0,1,1,0,0,0,0.00,0,0,3,13.50,0,0,0.00,0,0,2.0,0,0,37,.500,.875,6,1,18.50,2,9.00,0,0,0,0,0,.375,.667,2,2,.650,1.00,9.00,24,"2.0 IP, 2 ER, 2 K, 2 BB",3,0,9.00,2.50,1,.---,0
699283,Cleiber Maldonado,2026,Salt River Rafters,Glendale Desert Dogs,2026-10-03,False,True,867729,R,0,4,.250,0,0,5,0,0,0,.---,0,0,0,0.00,0,0,1,1,0,0,1,1.00,1,1,1,13.50,0,0,0.00,0,0,0.2,0,0,22,.400,.650,2,0,33.00,3,40.50,0,0,0,0,0,.250,.---,0,2,.550,-.--,27.00,12,"0.2 IP, 0 ER, 2 K, 0 BB",1,0,0.00,1.50,1,.---,0
815065,Hunter Mann,2026,Salt River Rafters,Surprise Saguaros,2026-10-04,False,False,867728,R,2,5,.000,0,0,5,0,0,0,.---,0,0,0,0.00,1,1,1,1,0,0,1,0.50,0,0,0,0.00,0,0,0.00,1,0,1.2,0,0,15,.000,.000,5,0,9.00,0,0.00,0,0,0,0,0,.000,.---,0,2,.870,-.--,10.80,13,"1.2 IP, 0 ER, 2 K, 0 BB",0,0,0.00,0.00,0,.---,0
823996,Luke Craig,2026,Salt River Rafters,Surprise Saguaros,2026-10-04,False,False,867728,R,1,1,.000,0,0,1,0,0,0,.---,0,0,0,0.00,0,0,1,1,0,0,0,0.00,0,0,0,0.00,0,0,0.00,1,0,0.1,0,0,5,.000,.000,1,0,15.00,0,0.00,0,0,0,0,0,.000,.---,0,0,.400,-.--,0.00,2,"0.1 IP, 0 ER, 0 K, 0 BB",0,0,0.00,0.00,0,.---,0
806070,Mack Estrada,2026,Salt River Rafters,Glendale Desert Dogs,2026-10-03,False,True,867729,R,2,5,.200,0,2,7,0,0,0,.---,0,0,1,6.75,0,0,1,1,0,0,1,0.50,0,0,1,6.75,0,1,6.75,0,0,1.1,0,0,29,.429,1.229,4,0,21.75,1,6.75,0,0,0,0,0,.800,.---,0,1,.450,0.50,6.75,13,"1.1 IP, ER, K, 2 BB",4,0,13.50,2.25,0,.---,0
814487,Nolan Hughes,2026,Salt River Rafters,Surprise Saguaros,2026-10-04,False,False,867728,R,1,4,.000,0,4,8,0,0,0,.---,0,0,1,6.75,0,0,1,1,0,0,3,3.00,0,0,0,0.00,0,0,0.00,0,0,1.1,0,0,35,.500,.500,4,0,26.25,1,6.75,0,0,0,0,0,.000,.---,0,0,.400,0.00,0.00,14,"1.1 IP, ER, 0 K, 4 BB",0,0,27.00,3.00,1,.---,0
824667,Owen Puk,2026,Salt River Rafters,Glendale Desert Dogs,2026-10-03,False,True,867729,R,1,2,.500,0,0,2,0,0,0,.---,0,1,0,0.00,1,1,1,1,0,0,0,0.00,0,0,1,27.00,0,0,0.00,3,3,0.1,0,0,7,.500,1.500,1,0,21.00,0,0.00,0,0,0,0,0,1.000,.---,0,0,.430,-.--,0.00,3,"0.1 IP, 0 ER, 0 K, 0 BB",2,0,0.00,3.00,0,.---,0
687317,Stu Flesland III,2026,Salt River Rafters,Glendale Desert Dogs,2026-10-03,False,True,867729,R,3,5,.000,0,1,6,0,0,0,.---,0,0,0,0.00,1,0,1,1,0,0,1,0.33,0,0,0,0.00,1,0,0.00,0,0,1.2,0,0,29,.167,.167,5,0,17.40,0,0.00,0,0,0,0,0,.000,.---,0,1,.660,1.00,5.40,19,"1.2 IP, 0 ER, K, BB",0,0,5.40,0.60,1,.---,0
