season,rank,player_id,player_name,position,pulled_at
2025,1,808963,Roki Sasaki,RHP,2026-10-06
2025,2,701350,Roman Anthony,OF,2026-10-06
2025,3,805805,Walker Jenkins,OF,2026-10-06
2025,4,686611,Dylan Crews,OF,2026-10-06
2025,5,695549,Jackson Jobe,RHP,2026-10-06
2025,6,703601,Max Clark,OF,2026-10-06
2025,7,692225,Kristian Campbell,2B/SS/OF,2026-10-06
2025,8,691725,Andrew Painter,RHP,2026-10-06
2025,9,700246,Carson Williams,SS,2026-10-06
2025,10,683953,Travis Bazzana,2B,2026-10-06
2025,11,691783,Jordan Lawlar,INF,2026-10-06
2025,12,691785,Marcelo Mayer,INF,2026-10-06
2025,13,694212,Samuel Basallo,C/1B,2026-10-06
2025,14,691723,Coby Mayo,3B/1B,2026-10-06
2025,15,696149,Bubba Chandler,RHP,2026-10-06
2025,16,702273,Noah Schultz,LHP,2026-10-06
2025,17,806964,Sebastian Walcott,SS/3B,2026-10-06
2025,18,815888,Leo De Vries,SS/3B,2026-10-06
2025,19,807713,Matt Shaw,INF,2026-10-06
2025,20,806068,Colt Emerson,SS,2026-10-06
2025,21,691176,Jasson Domínguez,OF,2026-10-06
2025,22,695506,Jac Caglianone,1B/OF,2026-10-06
2025,23,802139,JJ Wetherholt,INF,2026-10-06
2025,24,805811,Bryce Eldridge,1B,2026-10-06
2025,25,801403,Chase Dollander,RHP,2026-10-06
2025,26,695505,Chase Burns,RHP,2026-10-06
2025,27,805795,Aidan Miller,SS,2026-10-06
2025,28,805808,Kevin McGonigle,SS,2026-10-06
2025,29,809707,Charlie Condon,1B/OF,2026-10-06
2025,30,687221,Dalton Rushing,C/OF,2026-10-06
2025,31,805779,Jacob Wilson,SS,2026-10-06
2025,32,691019,Kyle Teel,C,2026-10-06
2025,33,806956,Ethan Salas,C,2026-10-06
2025,34,696146,Hagen Smith,LHP,2026-10-06
2025,35,695076,Rhett Lowder,RHP,2026-10-06
2025,36,800050,Chase DeLauter,OF,2026-10-06
2025,37,691181,Emmanuel Rodriguez,OF,2026-10-06
2025,38,701762,Nick Kurtz,1B,2026-10-06
2025,39,695657,Colson Montgomery,SS/3B,2026-10-06
2025,40,800543,Josue De Paula,OF,2026-10-06
2025,41,806258,Thomas White,LHP,2026-10-06
2025,42,703155,Lazaro Montes,OF,2026-10-06
2025,43,804606,Konnor Griffin,SS,2026-10-06
2025,44,677958,Kumar Rocker,RHP,2026-10-06
2025,45,687273,Quinn Mathews,LHP,2026-10-06
2025,46,687075,Brandon Sproat,RHP,2026-10-06
2025,47,691620,Jeferson Quero,C,2026-10-06
2025,48,805810,Blake Mitchell,C,2026-10-06
2025,49,702284,Cole Young,2B/SS,2026-10-06
2025,50,691730,Alejandro Rosario,RHP,2026-10-06
2025,51,800060,Xavier Isaac,1B,2026-10-06
2025,52,690990,Cade Horton,RHP,2026-10-06
2025,53,800614,Bryce Rainer,SS,2026-10-06
2025,54,683357,Owen Caissie,OF,2026-10-06
2025,55,695731,Braden Montgomery,OF,2026-10-06
2025,56,815908,Jesús Made,SS,2026-10-06
2025,57,806198,Cooper Pratt,SS,2026-10-06
2025,58,702518,Jett Williams,3B/SS/OF,2026-10-06
2025,59,701358,Cam Smith,3B,2026-10-06
2025,60,702693,Jaison Chourio,OF,2026-10-06
2025,61,807712,Luke Keaschall,2B/OF/1B,2026-10-06
2025,62,694197,Angel Genao,SS/3B,2026-10-06
2025,63,686948,Drake Baldwin,C,2026-10-06
2025,64,702222,Justin Crawford,OF,2026-10-06
2025,65,695670,Harry Ford,C,2026-10-06
2025,66,700337,Edgar Quero,C,2026-10-06
2025,67,694966,Brayden Taylor,3B/2B,2026-10-06
2025,68,695681,Christian Moore,2B,2026-10-06
2025,69,694208,Moisés Ballesteros,C,2026-10-06
2025,70,805809,Travis Sykora,RHP,2026-10-06
2025,71,701328,Jackson Ferris,LHP,2026-10-06
2025,72,690976,Alex Freeland,INF,2026-10-06
2025,73,701649,James Triantos,2B/3B/OF,2026-10-06
2025,74,806958,Felnin Celesten,SS,2026-10-06
2025,75,814307,Zyhir Hope,OF,2026-10-06
2025,76,808265,Franklin Arias,SS,2026-10-06
2025,77,693311,Tink Hence,RHP,2026-10-06
2025,78,702674,Caden Dana,RHP,2026-10-06
2025,79,703186,Jarlin Susana,RHP,2026-10-06
2025,80,802419,Thomas Harrington,RHP,2026-10-06
2025,81,806965,Starlyn Caba,SS/2B,2026-10-06
2025,82,699073,Thayron Liranzo,C/1B,2026-10-06
2025,83,702261,Termarr Johnson,2B,2026-10-06
2025,84,701398,Sal Stewart,INF,2026-10-06
2025,85,800611,Noble Meyer,RHP,2026-10-06
2025,86,695600,Carter Jensen,C,2026-10-06
2025,87,805796,Arjun Nimmala,SS,2026-10-06
2025,88,702056,Trey Yesavage,RHP,2026-10-06
2025,89,807284,Cam Caminiti,LHP,2026-10-06
2025,90,682634,Kevin Alcántara,OF,2026-10-06
2025,91,702253,Cam Collier,3B/1B,2026-10-06
2025,92,695490,Edwin Arroyo,SS/2B,2026-10-06
2025,93,806953,Eduardo Tait,C,2026-10-06
2025,94,691003,Tre' Morgan,1B,2026-10-06
2025,95,800522,Josue Briceño,C/1B,2026-10-06
2025,96,806071,Jonny Farmelo,OF,2026-10-06
2025,97,800473,Jefferson Rojas,3B/SS,2026-10-06
2025,98,703197,Michael Arroyo,OF/2B,2026-10-06
2025,99,815394,Theo Gillen,OF,2026-10-06
2025,100,694819,Jacob Misiorowski,RHP,2026-10-06
